{"arch_few_shot_1": {"acc": 0.929999983907, "arch": [[2, 0, 1, 0], [3, 0, 5, 0], [4, 0, 5, 0], [5, 0, 5, 0], [6, 0, 3, 0], [7, 0, 3, 0], [8, 0, 1, 0], [9, 0, 3, 0], [10, 0, 1, 0], [11, 0, 5, 0], [12, 0, 6, 0], [13, 0, 6, 0], [14, 0, 6, 0], [15, 0, 4, 0], [16, 0, 5, 0], [17, 0, 4, 0]]}, "arch_few_shot_2": {"acc": 0.934199981689, "arch": [[2, 0, 5, 0], [3, 0, 3, 0], [4, 0, 2, 0], [5, 0, 1, 0], [6, 0, 5, 0], [7, 0, 3, 0], [8, 0, 5, 0], [9, 0, 4, 0], [10, 0, 1, 0], [11, 0, 2, 0], [12, 0, 3, 0], [13, 0, 1, 0], [14, 0, 3, 0], [15, 0, 4, 0], [16, 0, 3, 0], [17, 0, 4, 0]]}, "arch_few_shot_3": {"acc": 0.934699984789, "arch": [[2, 0, 4, 0], [3, 0, 3, 0], [4, 0, 6, 0], [5, 0, 3, 0], [6, 0, 6, 0], [7, 0, 1, 0], [8, 0, 3, 0], [9, 0, 6, 0], [10, 0, 2, 0], [11, 0, 5, 0], [12, 0, 3, 0], [13, 0, 3, 0], [14, 0, 6, 0], [15, 0, 6, 0], [16, 0, 3, 0], [17, 0, 1, 0]]}, "arch_few_shot_4": {"acc": 0.935499984026, "arch": [[2, 0, 5, 0], [3, 0, 2, 0], [4, 0, 2, 0], [5, 0, 5, 0], [6, 0, 6, 0], [7, 0, 1, 0], [8, 0, 3, 0], [9, 0, 5, 0], [10, 0, 6, 0], [11, 0, 5, 0], [12, 0, 4, 0], [13, 0, 2, 0], [14, 0, 2, 0], [15, 0, 4, 0], [16, 0, 6, 0], [17, 0, 4, 0]]}, "arch_few_shot_5": {"acc": 0.935999985337, "arch": [[2, 0, 2, 0], [3, 0, 6, 0], [4, 0, 5, 0], [5, 0, 5, 0], [6, 0, 6, 0], [7, 0, 5, 0], [8, 0, 3, 0], [9, 0, 2, 0], [10, 0, 5, 0], [11, 0, 3, 0], [12, 0, 3, 0], [13, 0, 2, 0], [14, 0, 6, 0], [15, 0, 1, 0], [16, 0, 1, 0], [17, 0, 1, 0]]}, "arch_few_shot_6": {"acc": 0.93649998188, "arch": [[2, 0, 6, 0], [3, 0, 6, 0], [4, 0, 3, 0], [5, 0, 3, 0], [6, 0, 4, 0], [7, 0, 1, 0], [8, 0, 4, 0], [9, 0, 3, 0], [10, 0, 4, 0], [11, 0, 4, 0], [12, 0, 6, 0], [13, 0, 6, 0], [14, 0, 3, 0], [15, 0, 4, 0], [16, 0, 6, 0], [17, 0, 5, 0]]}, "arch_few_shot_7": {"acc": 0.936799981594, "arch": [[2, 0, 3, 0], [3, 0, 6, 0], [4, 0, 6, 0], [5, 0, 6, 0], [6, 0, 1, 0], [7, 0, 5, 0], [8, 0, 1, 0], [9, 0, 4, 0], [10, 0, 4, 0], [11, 0, 1, 0], [12, 0, 5, 0], [13, 0, 6, 0], [14, 0, 4, 0], [15, 0, 3, 0], [16, 0, 2, 0], [17, 0, 4, 0]]}, "arch_few_shot_8": {"acc": 0.937099980712, "arch": [[2, 0, 3, 0], [3, 0, 3, 0], [4, 0, 4, 0], [5, 0, 3, 0], [6, 0, 1, 0], [7, 0, 5, 0], [8, 0, 6, 0], [9, 0, 4, 0], [10, 0, 3, 0], [11, 0, 5, 0], [12, 0, 2, 0], [13, 0, 5, 0], [14, 0, 3, 0], [15, 0, 6, 0], [16, 0, 1, 0], [17, 0, 5, 0]]}, "arch_few_shot_9": {"acc": 0.937299979925, "arch": [[2, 0, 4, 0], [3, 0, 6, 0], [4, 0, 1, 0], [5, 0, 5, 0], [6, 0, 2, 0], [7, 0, 6, 0], [8, 0, 1, 0], [9, 0, 3, 0], [10, 0, 3, 0], [11, 0, 6, 0], [12, 0, 2, 0], [13, 0, 4, 0], [14, 0, 4, 0], [15, 0, 3, 0], [16, 0, 1, 0], [17, 0, 1, 0]]}, "arch_few_shot_10": {"acc": 0.937499979734, "arch": [[2, 0, 4, 0], [3, 0, 2, 0], [4, 0, 1, 0], [5, 0, 2, 0], [6, 0, 6, 0], [7, 0, 6, 0], [8, 0, 1, 0], [9, 0, 3, 0], [10, 0, 6, 0], [11, 0, 3, 0], [12, 0, 5, 0], [13, 0, 1, 0], [14, 0, 6, 0], [15, 0, 5, 0], [16, 0, 6, 0], [17, 0, 5, 0]]}, "arch_few_shot_11": {"acc": 0.937599983811, "arch": [[2, 0, 3, 0], [3, 0, 5, 0], [4, 0, 6, 0], [5, 0, 4, 0], [6, 0, 5, 0], [7, 0, 5, 0], [8, 0, 6, 0], [9, 0, 6, 0], [10, 0, 6, 0], [11, 0, 1, 0], [12, 0, 2, 0], [13, 0, 3, 0], [14, 0, 5, 0], [15, 0, 4, 0], [16, 0, 1, 0], [17, 0, 2, 0]]}, "arch_few_shot_12": {"acc": 0.937799983025, "arch": [[2, 0, 2, 0], [3, 0, 5, 0], [4, 0, 4, 0], [5, 0, 3, 0], [6, 0, 3, 0], [7, 0, 5, 0], [8, 0, 6, 0], [9, 0, 2, 0], [10, 0, 2, 0], [11, 0, 2, 0], [12, 0, 1, 0], [13, 0, 1, 0], [14, 0, 4, 0], [15, 0, 4, 0], [16, 0, 3, 0], [17, 0, 6, 0]]}, "arch_few_shot_13": {"acc": 0.937999982834, "arch": [[2, 0, 2, 0], [3, 0, 6, 0], [4, 0, 4, 0], [5, 0, 2, 0], [6, 0, 1, 0], [7, 0, 1, 0], [8, 0, 5, 0], [9, 0, 4, 0], [10, 0, 3, 0], [11, 0, 2, 0], [12, 0, 6, 0], [13, 0, 6, 0], [14, 0, 6, 0], [15, 0, 1, 0], [16, 0, 4, 0], [17, 0, 4, 0]]}, "arch_few_shot_14": {"acc": 0.938199983239, "arch": [[2, 0, 1, 0], [3, 0, 6, 0], [4, 0, 1, 0], [5, 0, 2, 0], [6, 0, 2, 0], [7, 0, 1, 0], [8, 0, 2, 0], [9, 0, 6, 0], [10, 0, 4, 0], [11, 0, 3, 0], [12, 0, 6, 0], [13, 0, 3, 0], [14, 0, 1, 0], [15, 0, 1, 0], [16, 0, 6, 0], [17, 0, 1, 0]]}, "arch_few_shot_15": {"acc": 0.938399982452, "arch": [[2, 0, 4, 0], [3, 0, 6, 0], [4, 0, 1, 0], [5, 0, 2, 0], [6, 0, 1, 0], [7, 0, 1, 0], [8, 0, 5, 0], [9, 0, 6, 0], [10, 0, 5, 0], [11, 0, 3, 0], [12, 0, 3, 0], [13, 0, 4, 0], [14, 0, 1, 0], [15, 0, 6, 0], [16, 0, 4, 0], [17, 0, 3, 0]]}, "arch_few_shot_16": {"acc": 0.938699982762, "arch": [[2, 0, 1, 0], [3, 0, 3, 0], [4, 0, 5, 0], [5, 0, 1, 0], [6, 0, 6, 0], [7, 0, 4, 0], [8, 0, 4, 0], [9, 0, 4, 0], [10, 0, 4, 0], [11, 0, 3, 0], [12, 0, 2, 0], [13, 0, 3, 0], [14, 0, 6, 0], [15, 0, 2, 0], [16, 0, 5, 0], [17, 0, 2, 0]]}, "arch_few_shot_17": {"acc": 0.938899983168, "arch": [[2, 0, 2, 0], [3, 0, 5, 0], [4, 0, 3, 0], [5, 0, 6, 0], [6, 0, 3, 0], [7, 0, 5, 0], [8, 0, 4, 0], [9, 0, 3, 0], [10, 0, 1, 0], [11, 0, 2, 0], [12, 0, 5, 0], [13, 0, 5, 0], [14, 0, 6, 0], [15, 0, 6, 0], [16, 0, 3, 0], [17, 0, 5, 0]]}, "arch_few_shot_18": {"acc": 0.939099984765, "arch": [[2, 0, 4, 0], [3, 0, 3, 0], [4, 0, 4, 0], [5, 0, 6, 0], [6, 0, 6, 0], [7, 0, 3, 0], [8, 0, 3, 0], [9, 0, 4, 0], [10, 0, 6, 0], [11, 0, 4, 0], [12, 0, 1, 0], [13, 0, 5, 0], [14, 0, 5, 0], [15, 0, 3, 0], [16, 0, 2, 0], [17, 0, 1, 0]]}, "arch_few_shot_19": {"acc": 0.939399982691, "arch": [[2, 0, 5, 0], [3, 0, 5, 0], [4, 0, 6, 0], [5, 0, 1, 0], [6, 0, 6, 0], [7, 0, 6, 0], [8, 0, 4, 0], [9, 0, 3, 0], [10, 0, 1, 0], [11, 0, 2, 0], [12, 0, 2, 0], [13, 0, 5, 0], [14, 0, 5, 0], [15, 0, 4, 0], [16, 0, 3, 0], [17, 0, 6, 0]]}, "arch_few_shot_20": {"acc": 0.9395999825, "arch": [[2, 0, 1, 0], [3, 0, 5, 0], [4, 0, 6, 0], [5, 0, 4, 0], [6, 0, 2, 0], [7, 0, 2, 0], [8, 0, 4, 0], [9, 0, 2, 0], [10, 0, 3, 0], [11, 0, 3, 0], [12, 0, 5, 0], [13, 0, 1, 0], [14, 0, 6, 0], [15, 0, 5, 0], [16, 0, 2, 0], [17, 0, 3, 0]]}, "arch_few_shot_21": {"acc": 0.939799980521, "arch": [[2, 0, 2, 0], [3, 0, 4, 0], [4, 0, 5, 0], [5, 0, 1, 0], [6, 0, 2, 0], [7, 0, 2, 0], [8, 0, 2, 0], [9, 0, 3, 0], [10, 0, 2, 0], [11, 0, 3, 0], [12, 0, 2, 0], [13, 0, 5, 0], [14, 0, 6, 0], [15, 0, 1, 0], [16, 0, 5, 0], [17, 0, 2, 0]]}, "arch_few_shot_22": {"acc": 0.939999982119, "arch": [[2, 0, 2, 0], [3, 0, 3, 0], [4, 0, 3, 0], [5, 0, 3, 0], [6, 0, 2, 0], [7, 0, 1, 0], [8, 0, 6, 0], [9, 0, 5, 0], [10, 0, 4, 0], [11, 0, 5, 0], [12, 0, 6, 0], [13, 0, 5, 0], [14, 0, 4, 0], [15, 0, 6, 0], [16, 0, 3, 0], [17, 0, 2, 0]]}, "arch_few_shot_23": {"acc": 0.940299983025, "arch": [[2, 0, 2, 0], [3, 0, 3, 0], [4, 0, 5, 0], [5, 0, 1, 0], [6, 0, 6, 0], [7, 0, 2, 0], [8, 0, 1, 0], [9, 0, 3, 0], [10, 0, 4, 0], [11, 0, 5, 0], [12, 0, 2, 0], [13, 0, 5, 0], [14, 0, 1, 0], [15, 0, 2, 0], [16, 0, 1, 0], [17, 0, 4, 0]]}, "arch_few_shot_24": {"acc": 0.940499982834, "arch": [[2, 0, 5, 0], [3, 0, 1, 0], [4, 0, 6, 0], [5, 0, 2, 0], [6, 0, 4, 0], [7, 0, 5, 0], [8, 0, 1, 0], [9, 0, 1, 0], [10, 0, 6, 0], [11, 0, 4, 0], [12, 0, 5, 0], [13, 0, 1, 0], [14, 0, 4, 0], [15, 0, 6, 0], [16, 0, 5, 0], [17, 0, 5, 0]]}, "arch_few_shot_25": {"acc": 0.940799985528, "arch": [[2, 0, 3, 0], [3, 0, 4, 0], [4, 0, 6, 0], [5, 0, 2, 0], [6, 0, 2, 0], [7, 0, 3, 0], [8, 0, 5, 0], [9, 0, 5, 0], [10, 0, 5, 0], [11, 0, 2, 0], [12, 0, 4, 0], [13, 0, 3, 0], [14, 0, 6, 0], [15, 0, 3, 0], [16, 0, 3, 0], [17, 0, 2, 0]]}, "arch_few_shot_26": {"acc": 0.941099981666, "arch": [[2, 0, 3, 0], [3, 0, 2, 0], [4, 0, 4, 0], [5, 0, 2, 0], [6, 0, 2, 0], [7, 0, 2, 0], [8, 0, 5, 0], [9, 0, 2, 0], [10, 0, 5, 0], [11, 0, 1, 0], [12, 0, 5, 0], [13, 0, 3, 0], [14, 0, 5, 0], [15, 0, 3, 0], [16, 0, 5, 0], [17, 0, 6, 0]]}, "arch_few_shot_27": {"acc": 0.941499980092, "arch": [[2, 0, 1, 0], [3, 0, 1, 0], [4, 0, 3, 0], [5, 0, 5, 0], [6, 0, 2, 0], [7, 0, 1, 0], [8, 0, 2, 0], [9, 0, 4, 0], [10, 0, 6, 0], [11, 0, 3, 0], [12, 0, 1, 0], [13, 0, 4, 0], [14, 0, 5, 0], [15, 0, 5, 0], [16, 0, 5, 0], [17, 0, 6, 0]]}, "arch_few_shot_28": {"acc": 0.941899983883,